[
  {
    "hasSubscription": true,
    "discountCode": "SUB10",
    "phone": "0915057",
    "username": "هادی",
    "password": "123456"
  },
  {
    "hasSubscription": true,
    "discountCode": "SUB10",
    "phone": "0915758",
    "username": "علی",
    "password": "12"
  },
  {
    "hasSubscription": false,
    "phone": "09150575262",
    "username": "طاها",
    "password": "1384"
  },
  {
    "hasSubscription": false,
    "phone": "09150544236",
    "username": "ارمیتا",
    "password": "امامی"
  },
  {
    "hasSubscription": false,
    "phone": "0936526945",
    "username": "احمد",
    "password": "1234"
  },
  {
    "hasSubscription": false,
    "phone": "09351647897",
    "username": "الیاس",
    "password": "1414"
  },
  {
    "hasSubscription": false,
    "phone": "091246792",
    "username": "جواد",
    "password": "1245"
  },
  {
    "hasSubscription": false,
    "phone": "0316945699",
    "username": "ایلین",
    "password": "4858"
  },
  {
    "hasSubscription": false,
    "phone": ".گگ",
    "username": "//",
    "password": "گگ"
  },
  {
    "hasSubscription": false,
    "phone": "0987654",
    "username": "ملیکا",
    "password": "9709"
  },
  {
    "hasSubscription": false,
    "phone": "0987654222",
    "username": "رومینا",
    "password": "2738"
  },
  {
    "hasSubscription": false,
    "phone": "تگ",
    "username": "",
    "password": "نتتاا"
  },
  {
    "hasSubscription": false,
    "phone": "03169598",
    "username": "فاظمه",
    "password": "1258"
  }
]