[{"id":"1","name":"کباب کوبیده 🥩","price":235000.0,"description":"کباب گوشت چرخ کرده با گوشت درجه یک","category":"غذای اصلی","available":true},{"id":"2","name":"چلو جوجه کباب 🍗","price":220000.0,"description":"مرغ کبابی با برنج ایرانی","category":"غذای اصلی","available":true},{"id":"3","name":"قرمه سبزی 🍛","price":250000.0,"description":"خورش قرمه سبزی با گوشت و سبزیجات تازه","category":"غذای اصلی","available":true},{"id":"4","name":"چلو کباب برگ 🍖","price":270000.0,"description":"کباب برگ گوسفندی با برنج ایرانی","category":"غذای اصلی","available":true},{"id":"5","name":"ماهی شکم پر 🐟","price":250000.0,"description":"ماهی مرغوب پر شده با سبزیجات و ادویه‌های خاص","category":"غذای اصلی","available":true},{"id":"6","name":"سوپ جو 🍲  ","price":35000.0,"description":"سوپ گرم و مقوی با جو و سبزیجات تازه","category":"پیش غذا","available":true},{"id":"7","name":"سالاد فصل 🥗  ","price":35000.0,"description":"سالادی تازه و متنوع با سبزیجات فصل","category":"پیش غذا","available":true},{"id":"8","name":"میرزا قاسمی 🥘","price":45000.0,"description":"خوراک بادمجان و سیر کبابی با طعم ویژه","category":"پیش غذا","available":true},{"id":"9","name":"کشک بادمجان 🍆","price":45000.0,"description":"بادمجان سرخ شده با کشک و گردو","category":"پیش غذا","available":true},{"id":"10","name":"زیتون پرورده 🫒","price":30000.0,"description":"ترشی سنتی  به همراه زیتون تازه","category":"پیش غذا","available":true},{"id":"11","name":"بستنی سنتی 🍨","price":50000.0,"description":"بستنی محلی با طعم زعفران و پسته","category":"دسر","available":true},{"id":"12","name":"شیرینی باقلوا 🥮","price":35000.0,"description":"باقلوا شیرعسلی با مغز گردو و شکر","category":"دسر","available":true},{"id":"13","name":"فرنی 🍮","price":40000.0,"description":"دسر سنتی نرم و شیرین با طعم هل","category":"دسر","available":true},{"id":"14","name":"دوغ آبعلی 🥛","price":25000.0,"description":"نوشیدنی سنتی دوغ گازدار","category":"نوشیدنی","available":true},{"id":"15","name":"چای سیاه 🍵","price":15000.0,"description":"چای سیاه به همراه نبات","category":"نوشیدنی","available":true},{"id":"16","name":"قهوه ترک ☕","price":25000.0,"description":"قهوه ترک تازه و خوش عطر","category":"نوشیدنی","available":true},{"id":"17","name":"آب پرتقال طبیعی 🍹","price":45000.0,"description":"آب پرتقال تازه و طبیعی","category":"نوشیدنی","available":true},{"id":"18","name":"نوشابه قوطی 🥤","price":25000.0,"description":"نوشابه سرد و گازدار","category":"نوشیدنی","available":true}]