[{"customer":{"hasSubscription":true,"discountCode":"SUB10","username":"زهرا","password":"123456789"},"items":[{"name":"نوشابه قوطی","price":15000.0,"available":false},{"name":"کباب کوبیده","price":250000.0,"available":false}],"address":"انتا","isOnline":true},{"customer":{"hasSubscription":true,"discountCode":"SUB10","username":"ala","password":"1234"},"items":[{"name":"کباب کوبیده","price":250000.0,"available":false},{"name":"قهوه ترک","price":25000.0,"available":false}],"address":"hkhk","isOnline":true},{"customer":{"hasSubscription":true,"discountCode":"SUB10","username":"زهرا","password":"123456789"},"items":[{"name":"نوشابه قوطی","price":15000.0,"available":false}],"address":"mkkk","isOnline":true},{"customer":{"hasSubscription":true,"discountCode":"SUB10","username":"زهرا","password":"123456789"},"items":[{"name":"شیرینی باقلوا","price":45000.0,"available":false}],"address":"JHKHHK","isOnline":true},{"customer":{"hasSubscription":true,"discountCode":"SUB10","phone":"0915057","username":"هادی","password":"123456"},"items":[{"name":"زیتون پرورده","price":30000.0,"available":false}],"address":"jj","isOnline":true},{"customer":{"hasSubscription":true,"discountCode":"SUB10","username":"زهرا","password":"123456789"},"items":[{"name":"دوغ آبعلی","price":20000.0,"available":false}],"address":"SSSS","isOnline":true},{"customer":{"hasSubscription":true,"discountCode":"SUB10","phone":"0915057","username":"هادی","password":"123456"},"items":[{"name":"ماهی شکم پر","price":280000.0,"available":false}],"address":"LL","isOnline":true},{"customer":{"hasSubscription":false,"phone":"09150575262","username":"طاها","password":"1384"},"items":[{"id":"12","name":"شیرینی باقلوا 🥮","price":45000.0,"description":"باقلوا شیرعسلی با مغز گردو و شکر","category":"دسر","available":true},{"id":"4","name":"چلو کباب برگ 🍖","price":270000.0,"description":"کباب برگ گوسفندی با برنج ایرانی","category":"غذای اصلی","available":true}],"address":"مم","isOnline":true},{"customer":{"hasSubscription":false,"phone":"09150544236","username":"ارمیتا","password":"امامی"},"items":[{"id":"1","name":"کباب کوبیده 🥩","price":300000.0,"description":"کباب گوشت چرخ کرده با گوشت درجه یک","category":"غذای اصلی","available":true},{"id":"12","name":"شیرینی باقلوا 🥮","price":35000.0,"description":"باقلوا شیرعسلی با مغز گردو و شکر","category":"دسر","available":true}],"address":"احمداباد","isOnline":true},{"customer":{"hasSubscription":false,"phone":"09150544236","username":"ارمیتا","password":"امامی"},"items":[{"id":"1","name":"کباب کوبیده 🥩","price":235000.0,"description":"کباب گوشت چرخ کرده با گوشت درجه یک","category":"غذای اصلی","available":true},{"id":"2","name":"چلو جوجه کباب 🍗","price":220000.0,"description":"مرغ کبابی با برنج ایرانی","category":"غذای اصلی","available":true}],"address":"دسمیتم","isOnline":true},{"customer":{"hasSubscription":true,"discountCode":"SUB10","phone":"0915057","username":"هادی","password":"123456"},"items":[{"id":"18","name":"نوشابه قوطی 🥤","price":25000.0,"description":"نوشابه سرد و گازدار","category":"نوشیدنی","available":true}],"address":"نککتب","isOnline":true}]